{"pos": [[[246, 51], [376, 60], [512, 48], [436, 200], [504, 200], [572, 200], [0.0, 368, 0], [0.0, 164, 200]], [[246, 51], [376, 60], [512, 48], [436, 200], [504, 200], [572, 200], [0.0, 368, 0], [0.0, 164, 200]], [[466, 44], [376, 60], [269, 48], [436, 200], [504, 200], [572, 200], [0.0, 368, 0], [0.0, 164, 200]], [[466, 44], [376, 60], [269, 48], [436, 200], [504, 200], [572, 200], [0.0, 368, 0], [0.0, 164, 200]], [[122, 62], [376, 60], [474, 54], [436, 200], [504, 200], [572, 200], [0.0, 368, 0], [0.0, 164, 200]]], "postimes": [0, 14.763315196078432, 15.651304613447868, 17.90211531600408, 18.44987931711146]}