{"pos": [[[92, 34], [233, 90], [392, 169], [602, 78], [738, 31]], [[92, 34], [233, 90], [392, 169], [602, 78], [738, 31]], [[92, 34], [211, 38], [352, 180], [472, 176], [738, 31]], [[92, 34], [211, 38], [352, 180], [472, 176], [738, 31]], [[92, 34], [286, 211], [361, 19], [445, 208], [738, 31]], [[92, 34], [286, 211], [361, 19], [445, 208], [738, 31]], [[92, 34], [252, 221], [365, 218], [474, 216], [738, 31]], [[92, 34], [252, 221], [365, 218], [474, 216], [738, 31]], [[92, 34], [230, 90], [378, 138], [536, 99], [738, 31]]], "postimes": [0, 52.48075143665409, 53.50707677501664, 80.5862760871977, 81.91523582020561, 99.23118640078395, 100.5075140651579, 170.02131871348274, 170.9292218974188]}