{"pos": [[[92, 34], [219, 97], [371, 34], [570, 94], [738, 31]], [[92, 34], [219, 97], [371, 34], [570, 94], [738, 31]], [[92, 34], [219, 97], [401, 118], [570, 94], [738, 31]]], "postimes": [0, 20.200496565949667, 20.894367806807338]}