{"pos": [[[92, 34], [233, 90], [409, 122], [602, 78], [738, 31]], [[92, 34], [233, 90], [409, 122], [602, 78], [738, 31]], [[92, 34], [391, 54], [346, 122], [434, 120], [738, 31]], [[92, 34], [391, 54], [346, 122], [434, 120], [738, 31]], [[92, 34], [320, 120], [396, 41], [489, 118], [738, 31]], [[92, 34], [320, 120], [396, 41], [460, 123], [738, 31]], [[92, 34], [260, 104], [368, 124], [486, 109], [618, 50]], [[92, 34], [260, 104], [368, 124], [486, 109], [618, 50]], [[92, 34], [260, 104], [368, 124], [486, 109], [618, 50]], [[275, 131], [326, 96], [368, 124], [426, 96], [470, 136]], [[275, 131], [326, 96], [368, 124], [426, 96], [470, 136]], [[92, 34], [260, 104], [368, 124], [486, 109], [618, 50]]], "postimes": [0, 52.48075143665409, 54.06037516014691, 80.17635366244305, 81.91523582020561, 99.23118640078395, 100.5075140651579, 170.00709422763543, 176.5256867777289, 177.79047133682954, 179.59461804836621, 180.7612595964089]}