{"pos": [[[780, 67], [168, 50], [236, 50], [19, 85]], [[11, 71], [168, 50], [236, 50], [304, 50]], [[682, 120], [168, 50], [236, 50], [304, 50]], [[50, 70], [168, 50], [236, 50], [665, 100]], [[11, 71], [168, 50], [236, 50], [304, 50]], [[100, 50], [168, 50], [236, 50], [304, 50]]], "postimes": [0, 1.1564693735688585, 2.4428013090284346, 3.7259497154971313, 4.466922738950886, 61.82606617647059]}