{"pos": [[[92, 34], [233, 90], [409, 122], [602, 78], [738, 31]], [[92, 34], [233, 90], [409, 122], [602, 78], [738, 31]], [[92, 34], [391, 54], [346, 122], [434, 120], [738, 31]], [[92, 34], [391, 54], [346, 122], [434, 120], [738, 31]], [[92, 34], [320, 120], [396, 41], [489, 118], [738, 31]], [[92, 34], [303, 120], [400, 22], [506, 126], [738, 31]], [[92, 34], [373, 108], [281, 105], [486, 109], [618, 50]], [[92, 34], [373, 108], [281, 105], [486, 109], [618, 50]], [[92, 34], [517, 100], [281, 105], [401, 104], [618, 50]], [[92, 34], [495, 108], [253, 109], [379, 107], [618, 50]], [[92, 34], [242, 90], [370, 128], [480, 95], [618, 50]], [[92, 34], [231, 98], [370, 128], [480, 95], [618, 50]], [[275, 131], [326, 96], [368, 124], [426, 96], [470, 136]], [[275, 131], [326, 96], [368, 124], [426, 96], [470, 136]], [[92, 34], [260, 104], [368, 124], [486, 109], [618, 50]]], "postimes": [0, 51.24952177702581, 51.65517836909431, 80.17635366244305, 81.27754346432874, 98.40945907354713, 99.38114811966469, 137.36117476396208, 137.6736610854407, 168.51606101537996, 169.34414976729832, 177.09085129870817, 177.79047133682954, 179.59461804836621, 180.7612595964089]}