{"pos": [[[92, 34], [233, 90], [409, 122], [602, 78], [738, 31]], [[92, 34], [233, 90], [409, 122], [602, 78], [738, 31]], [[92, 34], [391, 54], [346, 122], [434, 120], [738, 31]], [[92, 34], [391, 54], [346, 122], [434, 120], [738, 31]], [[92, 34], [320, 120], [396, 41], [489, 118], [738, 31]], [[92, 34], [320, 120], [396, 41], [489, 118], [738, 31]], [[92, 34], [373, 108], [480, 108], [261, 108], [618, 50]], [[92, 34], [373, 108], [480, 108], [261, 108], [618, 50]], [[285, 126], [371, 3], [14, 18], [741, 17], [443, 127]], [[285, 126], [371, 3], [14, 18], [741, 17], [443, 127]], [[92, 34], [293, 106], [518, 100], [401, 104], [618, 50]], [[92, 34], [293, 106], [518, 100], [401, 104], [618, 50]], [[92, 34], [242, 90], [370, 128], [480, 95], [618, 50]], [[92, 34], [231, 98], [370, 128], [480, 95], [618, 50]], [[327, 53], [209, 129], [368, 124], [508, 125], [436, 54]], [[327, 53], [209, 129], [368, 124], [508, 125], [436, 54]], [[92, 34], [260, 104], [368, 124], [486, 109], [618, 50]]], "postimes": [0, 51.24952177702581, 51.65517836909431, 80.17635366244305, 81.27754346432874, 98.40656111544725, 99.38114811966469, 119.66500123878599, 120.07665257986326, 135.91673866588405, 136.48474175280703, 168.59748337563127, 169.34414976729832, 177.09085129870817, 177.79047133682954, 180.09737606706145, 180.7612595964089]}