{"pos": [[[92, 34], [219, 97], [371, 34], [570, 94], [738, 31]], [[92, 34], [219, 97], [371, 34], [570, 94], [738, 31]], [[92, 34], [219, 97], [401, 118], [570, 94], [738, 31]], [[92, 34], [219, 97], [401, 118], [570, 94], [738, 31]], [[739, 44], [219, 97], [401, 118], [570, 94], [50, 37]]], "postimes": [0, 20.200496565949667, 20.894367806807338, 21.302527360253034, 22.737888456537046]}